user1,surname1,test1@test.ru1
user2,surname2,test1@test.ru2
user3,surname3,test1@test.ru3
user4,surname4,test1@test.ru4
user5,surname5,test1@test.ru5
user6,surname6,test1@test.ru6
user7,surname7,test1@test.ru7
user8,surname8,test1@test.ru8
user9,surname9,test1@test.ru9
user10,surname10,test1@test.ru10
user11,surname11,test1@test.ru11
user12,surname12,test1@test.ru12
user13,surname13,test1@test.ru13
user14,surname14,test1@test.ru14
user15,surname15,test1@test.ru15
user16,surname16,test1@test.ru16
user17,surname17,test1@test.ru17
user18,surname18,test1@test.ru18
user19,surname19,test1@test.ru19
user20,surname20,test1@test.ru20
user21,surname21,test1@test.ru21
user22,surname22,test1@test.ru22
user23,surname23,test1@test.ru23
user24,surname24,test1@test.ru24
user25,surname25,test1@test.ru25
user26,surname26,test1@test.ru26
user27,surname27,test1@test.ru27
user28,surname28,test1@test.ru28
user29,surname29,test1@test.ru29
user30,surname30,test1@test.ru30
user31,surname31,test1@test.ru31
user32,surname32,test1@test.ru32
user33,surname33,test1@test.ru33
user34,surname34,test1@test.ru34
user35,surname35,test1@test.ru35
user36,surname36,test1@test.ru36
user37,surname37,test1@test.ru37
user38,surname38,test1@test.ru38
user39,surname39,test1@test.ru39
user40,surname40,test1@test.ru40
user41,surname41,test1@test.ru41
user42,surname42,test1@test.ru42
user43,surname43,test1@test.ru43
user44,surname44,test1@test.ru44
user45,surname45,test1@test.ru45
user46,surname46,test1@test.ru46
user47,surname47,test1@test.ru47
user48,surname48,test1@test.ru48
user49,surname49,test1@test.ru49
user50,surname50,test1@test.ru50
user51,surname51,test1@test.ru51
user52,surname52,test1@test.ru52
user53,surname53,test1@test.ru53
user54,surname54,test1@test.ru54
user55,surname55,test1@test.ru55
user56,surname56,test1@test.ru56
user57,surname57,test1@test.ru57
user58,surname58,test1@test.ru58
user59,surname59,test1@test.ru59
user60,surname60,test1@test.ru60
user61,surname61,test1@test.ru61
user62,surname62,test1@test.ru62
user63,surname63,test1@test.ru63
user64,surname64,test1@test.ru64
user65,surname65,test1@test.ru65
user66,surname66,test1@test.ru66
user67,surname67,test1@test.ru67
user68,surname68,test1@test.ru68
user69,surname69,test1@test.ru69
user70,surname70,test1@test.ru70
user71,surname71,test1@test.ru71
user72,surname72,test1@test.ru72
user73,surname73,test1@test.ru73
user74,surname74,test1@test.ru74
user75,surname75,test1@test.ru75
user76,surname76,test1@test.ru76
user77,surname77,test1@test.ru77
user78,surname78,test1@test.ru78
user79,surname79,test1@test.ru79
user80,surname80,test1@test.ru80
user81,surname81,test1@test.ru81
user82,surname82,test1@test.ru82
user83,surname83,test1@test.ru83
user84,surname84,test1@test.ru84
user85,surname85,test1@test.ru85
user86,surname86,test1@test.ru86
user87,surname87,test1@test.ru87
user88,surname88,test1@test.ru88
user89,surname89,test1@test.ru89
user90,surname90,test1@test.ru90
user91,surname91,test1@test.ru91
user92,surname92,test1@test.ru92
user93,surname93,test1@test.ru93
user94,surname94,test1@test.ru94
user95,surname95,test1@test.ru95
user96,surname96,test1@test.ru96
user97,surname97,test1@test.ru97
user98,surname98,test1@test.ru98
user99,surname99,test1@test.ru99
user100,surname100,test1@test.ru100
user101,surname101,test1@test.ru101
user102,surname102,test1@test.ru102
user103,surname103,test1@test.ru103
user104,surname104,test1@test.ru104
user105,surname105,test1@test.ru105
user106,surname106,test1@test.ru106
user107,surname107,test1@test.ru107
user108,surname108,test1@test.ru108
user109,surname109,test1@test.ru109
user110,surname110,test1@test.ru110
user111,surname111,test1@test.ru111
user112,surname112,test1@test.ru112
user113,surname113,test1@test.ru113
user114,surname114,test1@test.ru114
user115,surname115,test1@test.ru115
user116,surname116,test1@test.ru116
user117,surname117,test1@test.ru117
user118,surname118,test1@test.ru118
user119,surname119,test1@test.ru119
user120,surname120,test1@test.ru120
user121,surname121,test1@test.ru121
user122,surname122,test1@test.ru122
user123,surname123,test1@test.ru123
user124,surname124,test1@test.ru124
user125,surname125,test1@test.ru125
user126,surname126,test1@test.ru126
user127,surname127,test1@test.ru127
user128,surname128,test1@test.ru128
user129,surname129,test1@test.ru129
user130,surname130,test1@test.ru130
user131,surname131,test1@test.ru131
user132,surname132,test1@test.ru132
user133,surname133,test1@test.ru133
user134,surname134,test1@test.ru134
user135,surname135,test1@test.ru135
user136,surname136,test1@test.ru136
user137,surname137,test1@test.ru137
user138,surname138,test1@test.ru138
user139,surname139,test1@test.ru139
user140,surname140,test1@test.ru140
user141,surname141,test1@test.ru141
user142,surname142,test1@test.ru142
user143,surname143,test1@test.ru143
user144,surname144,test1@test.ru144
user145,surname145,test1@test.ru145
user146,surname146,test1@test.ru146
user147,surname147,test1@test.ru147
user148,surname148,test1@test.ru148
user149,surname149,test1@test.ru149
user150,surname150,test1@test.ru150
user151,surname151,test1@test.ru151
user152,surname152,test1@test.ru152
user153,surname153,test1@test.ru153
user154,surname154,test1@test.ru154
user155,surname155,test1@test.ru155
user156,surname156,test1@test.ru156
user157,surname157,test1@test.ru157
user158,surname158,test1@test.ru158
user159,surname159,test1@test.ru159
user160,surname160,test1@test.ru160
user161,surname161,test1@test.ru161
user162,surname162,test1@test.ru162
user163,surname163,test1@test.ru163
user164,surname164,test1@test.ru164
user165,surname165,test1@test.ru165
user166,surname166,test1@test.ru166
user167,surname167,test1@test.ru167
user168,surname168,test1@test.ru168
user169,surname169,test1@test.ru169
user170,surname170,test1@test.ru170
user171,surname171,test1@test.ru171
user172,surname172,test1@test.ru172
user173,surname173,test1@test.ru173
user174,surname174,test1@test.ru174
user175,surname175,test1@test.ru175
user176,surname176,test1@test.ru176
user177,surname177,test1@test.ru177
user178,surname178,test1@test.ru178
user179,surname179,test1@test.ru179
user180,surname180,test1@test.ru180
user181,surname181,test1@test.ru181
user182,surname182,test1@test.ru182
user183,surname183,test1@test.ru183
user184,surname184,test1@test.ru184
user185,surname185,test1@test.ru185
user186,surname186,test1@test.ru186
user187,surname187,test1@test.ru187
user188,surname188,test1@test.ru188
user189,surname189,test1@test.ru189
user190,surname190,test1@test.ru190
user191,surname191,test1@test.ru191
user192,surname192,test1@test.ru192
user193,surname193,test1@test.ru193
user194,surname194,test1@test.ru194
user195,surname195,test1@test.ru195
user196,surname196,test1@test.ru196
user197,surname197,test1@test.ru197
user198,surname198,test1@test.ru198
user199,surname199,test1@test.ru199
user200,surname200,test1@test.ru200
user201,surname201,test1@test.ru201
user202,surname202,test1@test.ru202
user203,surname203,test1@test.ru203
user204,surname204,test1@test.ru204
user205,surname205,test1@test.ru205
user206,surname206,test1@test.ru206
user207,surname207,test1@test.ru207
user208,surname208,test1@test.ru208
user209,surname209,test1@test.ru209
user210,surname210,test1@test.ru210
user211,surname211,test1@test.ru211
user212,surname212,test1@test.ru212
user213,surname213,test1@test.ru213
user214,surname214,test1@test.ru214
user215,surname215,test1@test.ru215
user216,surname216,test1@test.ru216
user217,surname217,test1@test.ru217
user218,surname218,test1@test.ru218
user219,surname219,test1@test.ru219
user220,surname220,test1@test.ru220
user221,surname221,test1@test.ru221
user222,surname222,test1@test.ru222
user223,surname223,test1@test.ru223
user224,surname224,test1@test.ru224
user225,surname225,test1@test.ru225
user226,surname226,test1@test.ru226
user227,surname227,test1@test.ru227
user228,surname228,test1@test.ru228
user229,surname229,test1@test.ru229
user230,surname230,test1@test.ru230
user231,surname231,test1@test.ru231
user232,surname232,test1@test.ru232
user233,surname233,test1@test.ru233
user234,surname234,test1@test.ru234
user235,surname235,test1@test.ru235
user236,surname236,test1@test.ru236
user237,surname237,test1@test.ru237
user238,surname238,test1@test.ru238
user239,surname239,test1@test.ru239
user240,surname240,test1@test.ru240
user241,surname241,test1@test.ru241
user242,surname242,test1@test.ru242
user243,surname243,test1@test.ru243
user244,surname244,test1@test.ru244
user245,surname245,test1@test.ru245
user246,surname246,test1@test.ru246
user247,surname247,test1@test.ru247
user248,surname248,test1@test.ru248
user249,surname249,test1@test.ru249
user250,surname250,test1@test.ru250
user251,surname251,test1@test.ru251
user252,surname252,test1@test.ru252
user253,surname253,test1@test.ru253
user254,surname254,test1@test.ru254
user255,surname255,test1@test.ru255
user256,surname256,test1@test.ru256
user257,surname257,test1@test.ru257
user258,surname258,test1@test.ru258
user259,surname259,test1@test.ru259
user260,surname260,test1@test.ru260
user261,surname261,test1@test.ru261
user262,surname262,test1@test.ru262
user263,surname263,test1@test.ru263
user264,surname264,test1@test.ru264
user265,surname265,test1@test.ru265
user266,surname266,test1@test.ru266
user267,surname267,test1@test.ru267
user268,surname268,test1@test.ru268
user269,surname269,test1@test.ru269
user270,surname270,test1@test.ru270
user271,surname271,test1@test.ru271
user272,surname272,test1@test.ru272
user273,surname273,test1@test.ru273
user274,surname274,test1@test.ru274
user275,surname275,test1@test.ru275
user276,surname276,test1@test.ru276
user277,surname277,test1@test.ru277
user278,surname278,test1@test.ru278
user279,surname279,test1@test.ru279
user280,surname280,test1@test.ru280
user281,surname281,test1@test.ru281
user282,surname282,test1@test.ru282
user283,surname283,test1@test.ru283
user284,surname284,test1@test.ru284
user285,surname285,test1@test.ru285
user286,surname286,test1@test.ru286
user287,surname287,test1@test.ru287
user288,surname288,test1@test.ru288
user289,surname289,test1@test.ru289
user290,surname290,test1@test.ru290
user291,surname291,test1@test.ru291
user292,surname292,test1@test.ru292
user293,surname293,test1@test.ru293
user294,surname294,test1@test.ru294
user295,surname295,test1@test.ru295
user296,surname296,test1@test.ru296
user297,surname297,test1@test.ru297
user298,surname298,test1@test.ru298
user299,surname299,test1@test.ru299
user300,surname300,test1@test.ru300
user301,surname301,test1@test.ru301
user302,surname302,test1@test.ru302
user303,surname303,test1@test.ru303
user304,surname304,test1@test.ru304
user305,surname305,test1@test.ru305
user306,surname306,test1@test.ru306
user307,surname307,test1@test.ru307
user308,surname308,test1@test.ru308
user309,surname309,test1@test.ru309
user310,surname310,test1@test.ru310
user311,surname311,test1@test.ru311
user312,surname312,test1@test.ru312
user313,surname313,test1@test.ru313
user314,surname314,test1@test.ru314
user315,surname315,test1@test.ru315
user316,surname316,test1@test.ru316
user317,surname317,test1@test.ru317
user318,surname318,test1@test.ru318
user319,surname319,test1@test.ru319
user320,surname320,test1@test.ru320
user321,surname321,test1@test.ru321
user322,surname322,test1@test.ru322
user323,surname323,test1@test.ru323
user324,surname324,test1@test.ru324
user325,surname325,test1@test.ru325
user326,surname326,test1@test.ru326
user327,surname327,test1@test.ru327
user328,surname328,test1@test.ru328
user329,surname329,test1@test.ru329
user330,surname330,test1@test.ru330
user331,surname331,test1@test.ru331
user332,surname332,test1@test.ru332
user333,surname333,test1@test.ru333
user334,surname334,test1@test.ru334
user335,surname335,test1@test.ru335
user336,surname336,test1@test.ru336
user337,surname337,test1@test.ru337
user338,surname338,test1@test.ru338
user339,surname339,test1@test.ru339
user340,surname340,test1@test.ru340
user341,surname341,test1@test.ru341
user342,surname342,test1@test.ru342
user343,surname343,test1@test.ru343
user344,surname344,test1@test.ru344
user345,surname345,test1@test.ru345
user346,surname346,test1@test.ru346
user347,surname347,test1@test.ru347
user348,surname348,test1@test.ru348
user349,surname349,test1@test.ru349
user350,surname350,test1@test.ru350
user351,surname351,test1@test.ru351
user352,surname352,test1@test.ru352
user353,surname353,test1@test.ru353
user354,surname354,test1@test.ru354
user355,surname355,test1@test.ru355
user356,surname356,test1@test.ru356
user357,surname357,test1@test.ru357
user358,surname358,test1@test.ru358
user359,surname359,test1@test.ru359
user360,surname360,test1@test.ru360
user361,surname361,test1@test.ru361
user362,surname362,test1@test.ru362
user363,surname363,test1@test.ru363
user364,surname364,test1@test.ru364
user365,surname365,test1@test.ru365
user366,surname366,test1@test.ru366
user367,surname367,test1@test.ru367
user368,surname368,test1@test.ru368
user369,surname369,test1@test.ru369
user370,surname370,test1@test.ru370
user371,surname371,test1@test.ru371
user372,surname372,test1@test.ru372
user373,surname373,test1@test.ru373
user374,surname374,test1@test.ru374
user375,surname375,test1@test.ru375
user376,surname376,test1@test.ru376
user377,surname377,test1@test.ru377
user378,surname378,test1@test.ru378
user379,surname379,test1@test.ru379
user380,surname380,test1@test.ru380
user381,surname381,test1@test.ru381
user382,surname382,test1@test.ru382
user383,surname383,test1@test.ru383
user384,surname384,test1@test.ru384
user385,surname385,test1@test.ru385
user386,surname386,test1@test.ru386
user387,surname387,test1@test.ru387
user388,surname388,test1@test.ru388
user389,surname389,test1@test.ru389
user390,surname390,test1@test.ru390
user391,surname391,test1@test.ru391
user392,surname392,test1@test.ru392
user393,surname393,test1@test.ru393
user394,surname394,test1@test.ru394
user395,surname395,test1@test.ru395
user396,surname396,test1@test.ru396
user397,surname397,test1@test.ru397
user398,surname398,test1@test.ru398
user399,surname399,test1@test.ru399
user400,surname400,test1@test.ru400
user401,surname401,test1@test.ru401
user402,surname402,test1@test.ru402
user403,surname403,test1@test.ru403
user404,surname404,test1@test.ru404
user405,surname405,test1@test.ru405
user406,surname406,test1@test.ru406
user407,surname407,test1@test.ru407
user408,surname408,test1@test.ru408
user409,surname409,test1@test.ru409
user410,surname410,test1@test.ru410
user411,surname411,test1@test.ru411
user412,surname412,test1@test.ru412
user413,surname413,test1@test.ru413
user414,surname414,test1@test.ru414
user415,surname415,test1@test.ru415
user416,surname416,test1@test.ru416
user417,surname417,test1@test.ru417
user418,surname418,test1@test.ru418
user419,surname419,test1@test.ru419
user420,surname420,test1@test.ru420
user421,surname421,test1@test.ru421
user422,surname422,test1@test.ru422
user423,surname423,test1@test.ru423
user424,surname424,test1@test.ru424
user425,surname425,test1@test.ru425
user426,surname426,test1@test.ru426
user427,surname427,test1@test.ru427
user428,surname428,test1@test.ru428
user429,surname429,test1@test.ru429
user430,surname430,test1@test.ru430
user431,surname431,test1@test.ru431
user432,surname432,test1@test.ru432
user433,surname433,test1@test.ru433
user434,surname434,test1@test.ru434
user435,surname435,test1@test.ru435
user436,surname436,test1@test.ru436
user437,surname437,test1@test.ru437
user438,surname438,test1@test.ru438
user439,surname439,test1@test.ru439
user440,surname440,test1@test.ru440
user441,surname441,test1@test.ru441
user442,surname442,test1@test.ru442
user443,surname443,test1@test.ru443
user444,surname444,test1@test.ru444
user445,surname445,test1@test.ru445
user446,surname446,test1@test.ru446
user447,surname447,test1@test.ru447
user448,surname448,test1@test.ru448
user449,surname449,test1@test.ru449
user450,surname450,test1@test.ru450
user451,surname451,test1@test.ru451
user452,surname452,test1@test.ru452
user453,surname453,test1@test.ru453
user454,surname454,test1@test.ru454
user455,surname455,test1@test.ru455
user456,surname456,test1@test.ru456
user457,surname457,test1@test.ru457
user458,surname458,test1@test.ru458
user459,surname459,test1@test.ru459
user460,surname460,test1@test.ru460
user461,surname461,test1@test.ru461
user462,surname462,test1@test.ru462
user463,surname463,test1@test.ru463
user464,surname464,test1@test.ru464
user465,surname465,test1@test.ru465
user466,surname466,test1@test.ru466
user467,surname467,test1@test.ru467
user468,surname468,test1@test.ru468
user469,surname469,test1@test.ru469
user470,surname470,test1@test.ru470
user471,surname471,test1@test.ru471
user472,surname472,test1@test.ru472
user473,surname473,test1@test.ru473
user474,surname474,test1@test.ru474
user475,surname475,test1@test.ru475
user476,surname476,test1@test.ru476
user477,surname477,test1@test.ru477
user478,surname478,test1@test.ru478
user479,surname479,test1@test.ru479
user480,surname480,test1@test.ru480
user481,surname481,test1@test.ru481
user482,surname482,test1@test.ru482
user483,surname483,test1@test.ru483
user484,surname484,test1@test.ru484
user485,surname485,test1@test.ru485
user486,surname486,test1@test.ru486
user487,surname487,test1@test.ru487
user488,surname488,test1@test.ru488
user489,surname489,test1@test.ru489
user490,surname490,test1@test.ru490
user491,surname491,test1@test.ru491
user492,surname492,test1@test.ru492
user493,surname493,test1@test.ru493
user494,surname494,test1@test.ru494
